121,121,121,121,121,121,121,121,121,121,121,121,121,121,121,121,121,121,121,121,121,121,121,121,121,121,121,121,121,121,121,121,121,121,121,121,121,121,121,121,121,121,121,121,121,121,121,121,121,121,121,121,121,121,121,121,121,121,121,121,121,121,121,121,121,121,121,121,121,121,121,121,121,121,121,121,121,121,121,121,121,121,121,121,121,121,121,121,121,121,121
122,122,122,122,122,122,122,122,122,122,122,122,122,122,122,122,122,122,122,122,122,122,122,122,122,122,122,122,122,122,122,122,122,122,122,122,122,122,122,122,122,122,122,122,122,122,122,122,122,122,122,122,122,122,122,122,122,122,122,122,122,122,122,122,122,122,122,122,122,122,122,122,122,122,122,122,122,122,122,122,122,122,122,122,122,122,122,122,122,122,122
122,122,122,122,122,122,122,122,122,122,122,122,122,122,122,122,122,122,122,122,122,122,122,120,122,122,122,122,122,122,122,122,122,122,122,122,122,122,122,122,122,122,122,122,122,122,122,122,122,122,122,122,122,122,122,122,120,122,122,122,122,122,122,122,122,122,122,122,122,122,122,122,122,122,122,122,122,122,122,122,122,120,120,120,120,122,122,122,122,122,122
122,122,122,120,122,122,120,122,122,122,122,122,122,120,122,122,120,120,120,120,120,122,122,121,122,122,122,122,122,122,122,122,122,122,122,122,122,122,122,122,122,120,120,122,122,122,122,122,122,122,122,122,122,122,122,122,121,122,122,122,122,122,122,122,122,122,122,122,122,122,122,122,122,122,122,120,122,122,122,122,122,121,121,121,121,122,122,122,122,122,122
122,122,122,121,122,122,121,122,122,122,122,122,122,121,122,122,121,121,121,121,121,122,122,122,122,122,122,122,122,122,122,122,122,122,122,122,122,122,122,122,122,121,121,122,122,122,122,122,122,122,122,122,122,122,122,122,122,122,122,122,122,122,122,122,122,122,122,122,122,122,122,122,122,122,122,121,122,122,122,122,122,122,122,122,122,122,122,122,122,122,122
122,122,122,122,122,122,122,122,122,122,122,122,122,122,122,122,122,122,122,122,122,122,122,122,122,120,120,120,120,120,120,120,120,120,120,120,120,120,120,120,120,120,120,120,120,120,120,120,120,120,120,120,120,120,120,120,120,120,120,120,120,120,120,120,120,120,120,120,120,120,120,120,120,120,121,122,122,121,122,122,121,122,120,120,120,122,122,120,122,122,122
122,122,122,122,120,122,122,122,120,122,122,122,122,122,122,122,122,122,122,122,122,122,122,120,120,-1,-1,-1,-1,-1,-1,-1,-1,-1,-1,-1,-1,-1,-1,-1,-1,-1,-1,-1,-1,-1,-1,-1,-1,-1,-1,-1,-1,-1,-1,-1,-1,-1,-1,-1,-1,-1,-1,-1,-1,-1,-1,-1,-1,-1,-1,-1,-1,-1,122,122,122,122,122,122,122,122,121,-1,121,122,122,121,120,122,122
122,122,122,122,121,122,122,122,121,122,122,122,122,122,122,122,122,122,122,122,120,120,120,-1,-1,-1,-1,-1,-1,-1,-1,-1,-1,-1,-1,-1,-1,-1,-1,-1,-1,-1,-1,-1,-1,-1,-1,-1,-1,-1,-1,-1,-1,-1,-1,-1,-1,-1,-1,-1,-1,-1,-1,-1,-1,-1,-1,-1,-1,-1,-1,-1,-1,121,122,122,122,122,122,122,122,122,122,-1,122,122,122,122,121,122,122
122,122,120,122,122,122,122,122,122,122,122,122,122,122,122,122,122,122,122,120,-1,-1,-1,-1,-1,-1,-1,-1,-1,-1,-1,-1,-1,-1,-1,-1,-1,-1,-1,-1,-1,-1,-1,-1,-1,-1,-1,-1,-1,-1,-1,-1,-1,-1,-1,-1,-1,-1,-1,-1,-1,-1,-1,-1,-1,-1,-1,-1,-1,-1,-1,-1,121,122,122,122,122,122,122,122,122,122,122,121,122,122,122,122,122,122,122
122,122,121,122,122,122,122,122,122,122,122,122,122,122,122,122,122,122,120,-1,-1,-1,-1,-1,-1,-1,-1,-1,-1,-1,-1,-1,-1,-1,-1,-1,-1,-1,-1,-1,-1,-1,-1,-1,-1,-1,-1,-1,-1,-1,-1,-1,-1,-1,-1,-1,-1,-1,-1,-1,-1,-1,-1,-1,-1,-1,-1,-1,-1,-1,-1,-1,122,122,122,122,122,122,122,122,122,122,122,122,122,122,122,122,122,122,122
122,122,122,122,122,122,122,122,122,122,122,122,122,122,122,122,122,120,-1,-1,-1,-1,-1,-1,-1,-1,-1,-1,-1,-1,-1,-1,-1,-1,-1,-1,-1,-1,-1,-1,-1,-1,-1,-1,-1,-1,-1,-1,-1,-1,-1,-1,-1,-1,-1,-1,-1,-1,-1,-1,-1,121,121,121,121,121,-1,-1,-1,-1,-1,-1,122,122,122,122,122,120,120,120,120,122,122,122,122,122,122,122,122,122,122
122,122,122,122,122,122,120,122,122,122,122,122,122,122,122,122,122,-1,-1,-1,-1,-1,-1,-1,-1,-1,-1,-1,-1,-1,-1,-1,-1,-1,-1,-1,-1,-1,-1,-1,-1,-1,-1,-1,-1,-1,-1,-1,-1,-1,-1,-1,-1,-1,-1,-1,-1,-1,-1,121,121,120,120,120,122,122,121,121,-1,-1,-1,121,122,122,122,122,120,-1,-1,-1,-1,122,122,122,120,122,122,122,122,122,122
122,122,122,122,122,122,121,120,122,122,122,122,122,122,122,122,120,-1,-1,-1,-1,-1,-1,-1,-1,-1,-1,-1,-1,-1,-1,-1,-1,-1,-1,-1,-1,-1,-1,-1,-1,-1,-1,-1,-1,-1,-1,-1,-1,-1,-1,-1,-1,-1,-1,-1,-1,-1,-1,122,120,-1,-1,-1,120,120,120,120,121,121,-1,122,122,122,122,122,-1,-1,-1,-1,-1,122,122,122,121,122,122,122,122,122,122
122,122,122,120,122,122,122,121,122,122,122,122,122,122,122,120,-1,-1,-1,-1,-1,-1,-1,-1,-1,-1,-1,-1,-1,-1,-1,-1,-1,-1,-1,-1,-1,-1,-1,-1,-1,-1,-1,-1,-1,-1,-1,-1,-1,-1,-1,-1,-1,-1,-1,-1,-1,-1,-1,122,-1,-1,-1,-1,-1,121,-1,-1,120,122,121,122,122,122,120,120,-1,-1,-1,-1,-1,122,122,122,122,122,122,122,122,122,122
122,122,122,121,122,122,122,122,122,122,122,122,122,122,120,-1,-1,-1,-1,-1,-1,-1,-1,-1,-1,-1,-1,-1,-1,-1,-1,-1,-1,-1,-1,-1,-1,-1,-1,-1,-1,-1,-1,-1,-1,-1,-1,-1,-1,-1,-1,-1,-1,-1,-1,-1,-1,-1,121,120,-1,-1,121,-1,-1,120,121,-1,-1,122,122,120,120,120,-1,-1,-1,-1,-1,121,-1,122,122,122,122,122,122,122,122,120,122
122,122,122,122,122,122,122,122,122,122,122,122,122,120,-1,-1,-1,-1,-1,-1,-1,-1,-1,-1,-1,-1,-1,-1,-1,-1,-1,-1,-1,-1,-1,-1,-1,-1,-1,-1,-1,-1,-1,-1,-1,-1,-1,-1,-1,-1,-1,-1,-1,-1,-1,-1,-1,-1,122,-1,-1,121,120,121,-1,-1,122,121,-1,120,122,121,-1,-1,-1,-1,-1,-1,121,122,-1,122,122,122,122,122,122,120,122,121,122
122,122,122,122,122,122,122,122,122,122,122,122,122,-1,-1,-1,-1,-1,-1,-1,-1,-1,-1,-1,-1,-1,-1,-1,-1,-1,-1,-1,-1,-1,-1,-1,-1,-1,-1,-1,-1,-1,-1,-1,-1,-1,-1,-1,-1,-1,-1,-1,-1,-1,-1,-1,-1,121,122,-1,121,120,-1,122,121,-1,120,122,-1,-1,122,122,-1,-1,-1,-1,-1,121,122,122,121,122,122,122,122,122,122,121,122,122,122
122,120,122,122,122,122,122,122,122,122,122,122,120,-1,-1,-1,-1,-1,-1,-1,-1,-1,-1,-1,-1,-1,-1,-1,-1,-1,-1,-1,-1,-1,-1,-1,-1,-1,-1,-1,-1,-1,-1,-1,-1,-1,-1,-1,-1,-1,-1,-1,-1,-1,-1,-1,-1,122,120,-1,120,121,-1,120,122,-1,-1,120,121,-1,120,122,-1,-1,-1,-1,-1,122,122,122,122,122,122,122,122,122,122,122,122,122,122
122,-1,122,122,122,122,122,122,122,122,122,122,-1,-1,-1,-1,-1,-1,-1,-1,-1,-1,-1,-1,-1,-1,-1,-1,-1,-1,-1,-1,-1,-1,-1,-1,-1,-1,-1,-1,-1,-1,-1,-1,-1,-1,-1,-1,-1,-1,-1,-1,-1,-1,-1,-1,-1,122,-1,-1,-1,120,121,-1,122,121,-1,-1,120,-1,-1,120,-1,-1,-1,-1,-1,122,122,122,122,122,120,122,122,122,122,122,122,122,122
122,-1,122,122,122,122,122,122,122,122,122,120,-1,-1,-1,-1,-1,-1,-1,-1,-1,-1,-1,-1,-1,121,-1,-1,-1,-1,-1,-1,-1,-1,-1,-1,-1,-1,-1,-1,-1,-1,-1,-1,-1,-1,-1,-1,-1,-1,-1,-1,-1,-1,-1,-1,121,120,-1,121,-1,-1,122,-1,120,120,-1,-1,-1,-1,-1,-1,-1,-1,-1,-1,121,122,122,122,122,122,121,120,122,122,122,122,120,122,122
122,-1,122,122,122,122,122,122,120,122,120,-1,-1,-1,-1,-1,-1,-1,-1,-1,-1,-1,-1,-1,-1,120,-1,-1,-1,-1,-1,-1,-1,-1,-1,-1,-1,-1,-1,-1,-1,-1,-1,-1,-1,-1,-1,-1,-1,-1,-1,-1,-1,-1,-1,-1,122,-1,-1,120,-1,-1,120,121,-1,-1,-1,-1,-1,-1,-1,-1,-1,-1,-1,-1,122,122,122,122,122,122,122,121,122,122,122,122,121,122,122
122,-1,122,122,122,122,120,122,121,122,-1,-1,-1,-1,-1,-1,-1,-1,-1,-1,-1,-1,-1,-1,-1,-1,-1,-1,-1,-1,-1,-1,-1,-1,-1,-1,-1,-1,-1,-1,-1,-1,-1,-1,-1,-1,-1,-1,-1,-1,-1,-1,-1,-1,-1,121,122,-1,121,-1,-1,-1,-1,122,-1,-1,-1,-1,-1,-1,-1,-1,-1,-1,121,121,122,122,122,120,122,122,122,122,122,122,120,122,122,122,122
122,-1,120,122,122,122,121,122,122,122,-1,-1,-1,-1,-1,-1,-1,-1,-1,-1,-1,-1,-1,-1,-1,-1,-1,-1,-1,-1,-1,-1,-1,-1,-1,-1,-1,-1,-1,-1,-1,-1,-1,-1,-1,-1,-1,-1,-1,-1,-1,-1,-1,-1,-1,122,120,-1,122,-1,-1,-1,121,120,-1,-1,-1,-1,-1,-1,-1,-1,-1,121,122,122,122,122,122,121,122,122,122,122,122,122,121,122,122,122,122
122,121,-1,122,122,122,122,122,122,122,-1,-1,-1,-1,-1,-1,-1,-1,-1,-1,-1,-1,-1,-1,-1,-1,-1,-1,-1,-1,-1,-1,-1,-1,-1,-1,-1,-1,-1,-1,-1,-1,-1,-1,-1,-1,-1,-1,-1,-1,-1,-1,-1,-1,-1,122,-1,-1,120,-1,-1,-1,120,121,121,-1,-1,-1,-1,-1,-1,-1,-1,122,122,122,122,122,122,122,122,122,122,122,122,122,122,122,122,122,122
122,122,-1,120,122,122,122,122,122,122,-1,-1,-1,-1,-1,-1,-1,-1,-1,-1,-1,-1,-1,-1,-1,-1,-1,-1,-1,-1,-1,-1,-1,-1,-1,-1,-1,-1,-1,-1,-1,-1,-1,-1,-1,-1,-1,-1,-1,-1,-1,-1,-1,-1,-1,120,121,-1,-1,121,121,-1,-1,120,122,-1,-1,-1,-1,-1,-1,-1,-1,122,122,122,120,122,122,122,122,122,122,122,122,122,122,122,122,122,122
122,122,121,-1,122,122,122,120,122,122,-1,-1,-1,-1,-1,-1,-1,-1,-1,-1,-1,-1,-1,-1,-1,-1,-1,-1,-1,-1,-1,-1,-1,-1,-1,-1,-1,-1,-1,-1,-1,-1,-1,-1,-1,-1,-1,-1,-1,-1,-1,-1,-1,-1,-1,-1,120,-1,121,120,120,121,-1,-1,120,-1,121,121,121,121,121,121,121,122,122,122,-1,122,122,122,122,122,122,122,122,122,122,122,122,122,122
122,122,122,121,122,122,122,121,122,122,-1,-1,-1,-1,-1,-1,-1,-1,-1,-1,-1,-1,-1,-1,-1,-1,-1,-1,-1,-1,-1,-1,-1,-1,-1,-1,-1,-1,-1,-1,-1,-1,-1,-1,-1,-1,-1,-1,-1,-1,-1,-1,-1,-1,-1,-1,-1,-1,120,-1,121,120,121,-1,-1,-1,120,122,122,122,122,120,122,122,122,122,121,122,122,122,122,122,122,122,122,122,122,122,120,122,122
122,122,122,122,122,120,122,122,122,122,-1,-1,-1,-1,-1,-1,-1,-1,-1,-1,-1,-1,-1,-1,-1,-1,-1,-1,-1,-1,-1,-1,-1,-1,-1,-1,-1,-1,-1,-1,-1,-1,-1,-1,-1,-1,-1,-1,-1,-1,-1,-1,-1,-1,-1,-1,-1,-1,-1,-1,120,-1,122,-1,-1,-1,-1,120,120,122,122,-1,120,120,122,122,122,122,122,122,122,122,122,122,120,122,122,122,121,122,122
122,122,122,122,122,121,122,122,122,122,-1,-1,-1,-1,-1,-1,-1,-1,-1,-1,-1,-1,-1,-1,-1,-1,-1,-1,-1,-1,-1,-1,-1,-1,-1,-1,-1,-1,-1,-1,-1,-1,-1,-1,-1,-1,-1,-1,-1,-1,-1,-1,-1,-1,-1,-1,-1,121,-1,-1,-1,-1,120,-1,-1,-1,-1,-1,-1,120,122,121,121,-1,120,122,122,122,122,122,122,122,122,122,121,122,122,122,122,122,122
122,122,122,122,122,122,122,122,122,122,-1,-1,-1,-1,-1,-1,-1,-1,-1,-1,-1,-1,-1,-1,-1,-1,-1,-1,-1,-1,-1,-1,-1,-1,-1,-1,-1,-1,-1,-1,-1,-1,-1,-1,-1,-1,-1,-1,-1,-1,-1,-1,-1,-1,-1,-1,-1,120,-1,121,-1,-1,-1,-1,-1,-1,-1,-1,-1,-1,120,120,122,121,-1,122,122,122,122,122,122,122,122,122,122,122,122,122,122,122,122
122,122,122,122,122,122,122,122,122,122,-1,-1,-1,-1,-1,-1,-1,-1,-1,-1,-1,-1,-1,-1,-1,-1,-1,-1,-1,-1,-1,-1,-1,-1,-1,-1,-1,-1,-1,-1,-1,-1,-1,-1,-1,-1,-1,-1,-1,-1,-1,-1,-1,-1,-1,-1,-1,-1,-1,120,-1,-1,-1,-1,-1,-1,-1,-1,-1,-1,-1,-1,120,122,121,122,122,120,122,122,122,122,122,122,122,122,122,122,122,120,122
122,122,122,122,122,122,122,122,122,122,-1,-1,-1,-1,-1,-1,-1,-1,-1,-1,-1,-1,-1,-1,-1,-1,-1,-1,-1,-1,-1,121,121,121,121,121,121,121,121,121,121,-1,-1,-1,-1,-1,-1,-1,-1,-1,-1,-1,-1,-1,-1,-1,-1,-1,-1,-1,-1,-1,-1,-1,121,-1,-1,-1,-1,-1,-1,-1,-1,122,122,122,122,121,122,122,122,122,122,122,122,122,122,122,122,121,122
122,122,122,122,122,122,122,120,122,122,-1,-1,-1,-1,-1,-1,-1,-1,-1,-1,-1,-1,-1,-1,-1,-1,-1,-1,-1,-1,121,122,120,120,120,120,120,120,120,120,120,-1,-1,-1,-1,-1,-1,-1,-1,-1,-1,-1,-1,-1,121,-1,-1,-1,-1,-1,-1,-1,-1,-1,120,-1,-1,-1,-1,121,-1,-1,-1,120,122,122,122,122,122,122,122,122,120,122,122,122,122,122,122,122,122
122,122,122,122,122,122,122,121,122,122,-1,-1,-1,-1,-1,-1,-1,-1,-1,-1,-1,-1,-1,-1,-1,-1,-1,-1,121,121,120,120,-1,-1,-1,-1,-1,-1,-1,-1,-1,-1,-1,-1,-1,-1,-1,-1,-1,-1,-1,-1,-1,-1,120,-1,-1,-1,-1,-1,-1,-1,-1,-1,-1,-1,-1,-1,-1,120,-1,-1,-1,-1,120,122,122,122,122,122,122,122,121,122,122,122,122,122,122,122,122
122,122,122,122,122,122,122,122,122,122,-1,-1,-1,-1,-1,-1,-1,-1,-1,-1,-1,-1,-1,-1,-1,-1,-1,121,122,120,-1,-1,-1,-1,-1,-1,-1,-1,-1,-1,-1,-1,-1,-1,-1,-1,-1,-1,-1,-1,-1,-1,-1,-1,-1,-1,-1,-1,-1,-1,-1,-1,-1,-1,-1,-1,-1,-1,-1,-1,-1,-1,-1,-1,-1,122,122,122,122,122,122,122,122,122,122,122,122,122,122,122,122
122,122,122,122,122,122,122,122,122,122,-1,-1,-1,-1,-1,-1,-1,-1,-1,-1,-1,-1,-1,-1,-1,-1,121,122,120,-1,-1,-1,-1,-1,-1,-1,-1,-1,-1,-1,-1,-1,-1,-1,-1,-1,-1,-1,-1,-1,-1,-1,-1,-1,-1,-1,-1,-1,-1,-1,121,-1,-1,-1,-1,-1,-1,-1,-1,-1,-1,-1,-1,-1,-1,120,122,122,122,122,122,122,122,122,122,122,122,122,122,122,122
122,122,122,122,122,122,122,122,120,122,-1,-1,-1,-1,-1,-1,-1,-1,-1,-1,-1,-1,-1,-1,-1,121,122,120,-1,-1,-1,-1,-1,-1,-1,-1,-1,-1,-1,-1,-1,-1,-1,-1,-1,-1,-1,-1,-1,-1,-1,-1,-1,-1,-1,-1,-1,-1,-1,-1,120,-1,-1,-1,-1,-1,-1,-1,-1,-1,-1,-1,-1,-1,-1,-1,120,120,120,120,120,120,120,120,120,120,120,120,120,120,120
121,121,121,121,121,122,122,122,121,122,-1,-1,-1,-1,-1,-1,-1,-1,-1,-1,-1,-1,-1,-1,-1,122,120,-1,-1,-1,-1,-1,-1,-1,-1,-1,-1,-1,-1,-1,-1,-1,-1,-1,-1,-1,-1,-1,-1,-1,-1,-1,-1,-1,-1,-1,-1,-1,-1,-1,-1,-1,-1,-1,-1,-1,-1,-1,-1,-1,-1,-1,-1,-1,-1,-1,-1,-1,-1,-1,-1,-1,-1,-1,-1,-1,-1,-1,-1,-1,-1
121,122,121,122,121,122,122,122,122,122,-1,-1,-1,-1,-1,-1,-1,-1,-1,-1,-1,-1,-1,-1,-1,120,-1,-1,-1,121,-1,-1,-1,-1,121,121,121,121,-1,-1,-1,-1,-1,-1,-1,-1,-1,-1,-1,-1,-1,-1,-1,-1,-1,-1,-1,-1,45,41,40,40,40,40,40,40,40,40,40,40,40,40,40,40,40,40,40,40,40,40,40,40,40,40,40,40,40,40,40,40,40
121,121,121,122,121,121,122,122,122,122,-1,-1,-1,-1,-1,-1,-1,-1,-1,-1,-1,-1,-1,-1,-1,-1,-1,-1,-1,122,121,121,121,121,122,120,120,120,-1,-1,-1,-1,-1,-1,-1,-1,-1,-1,-1,-1,-1,-1,-1,-1,-1,-1,-1,-1,41,44,44,44,44,44,44,44,44,44,44,44,44,44,44,44,44,44,44,44,44,44,44,44,44,44,44,44,44,44,44,44,44
122,120,121,122,122,121,122,122,122,122,-1,-1,-1,-1,-1,-1,-1,-1,-1,-1,-1,-1,-1,-1,-1,-1,-1,-1,-1,120,120,120,120,120,120,-1,-1,-1,-1,-1,-1,-1,-1,-1,-1,-1,-1,-1,-1,-1,-1,-1,-1,-1,-1,-1,45,41,46,44,44,44,44,44,44,44,44,44,44,44,44,44,44,44,44,44,44,44,44,44,44,44,44,44,44,44,44,44,44,44,44
122,121,121,121,122,121,122,122,122,122,-1,-1,-1,-1,-1,-1,-1,-1,-1,-1,-1,-1,-1,-1,-1,-1,-1,-1,-1,-1,-1,-1,-1,-1,-1,-1,-1,-1,-1,-1,-1,-1,-1,-1,-1,-1,-1,-1,-1,-1,-1,-1,-1,-1,-1,-1,41,44,44,44,44,44,44,44,44,44,44,44,44,44,44,44,44,44,44,44,44,44,44,44,44,44,44,44,44,44,44,44,44,44,44
122,122,122,121,122,121,122,122,122,122,-1,-1,-1,-1,-1,-1,-1,-1,-1,-1,-1,-1,-1,-1,-1,-1,-1,-1,-1,-1,-1,-1,-1,-1,-1,-1,-1,-1,-1,-1,-1,-1,-1,-1,-1,-1,-1,-1,-1,-1,-1,-1,-1,-1,45,41,46,44,44,44,44,46,40,40,40,40,40,40,40,40,40,40,40,40,40,40,40,40,40,40,40,40,40,40,40,40,40,40,40,40,40
122,122,122,121,122,121,122,122,122,122,-1,-1,-1,-1,-1,-1,-1,-1,-1,-1,-1,-1,-1,-1,-1,-1,-1,-1,-1,-1,-1,-1,-1,-1,-1,-1,-1,-1,-1,-1,-1,-1,-1,-1,-1,-1,-1,-1,121,121,-1,-1,-1,45,46,44,44,44,44,44,46,45,-1,-1,-1,-1,-1,-1,-1,-1,-1,-1,-1,-1,-1,-1,-1,-1,-1,-1,-1,-1,-1,-1,-1,-1,-1,-1,-1,-1,-1
122,122,122,121,121,121,122,122,122,122,-1,-1,-1,-1,-1,-1,-1,-1,-1,-1,-1,-1,-1,-1,-1,-1,-1,-1,-1,-1,-1,-1,-1,-1,-1,-1,-1,-1,-1,-1,-1,-1,-1,-1,-1,-1,-1,121,122,120,-1,-1,-1,41,44,44,44,44,44,46,45,-1,-1,-1,-1,-1,-1,-1,-1,-1,-1,-1,-1,-1,-1,-1,-1,-1,-1,-1,-1,121,121,121,121,121,121,121,121,121,121
121,121,121,121,121,122,120,122,122,122,-1,-1,-1,-1,-1,-1,-1,-1,-1,-1,-1,-1,-1,-1,-1,-1,-1,-1,-1,-1,-1,-1,-1,-1,-1,-1,-1,-1,-1,-1,-1,-1,-1,-1,-1,-1,121,122,120,-1,-1,-1,-1,42,44,44,44,44,46,45,-1,-1,-1,-1,-1,-1,-1,-1,-1,-1,-1,-1,-1,-1,-1,-1,-1,-1,-1,-1,-1,122,122,122,122,122,122,122,122,122,122
122,122,122,122,122,122,121,122,122,122,-1,-1,-1,-1,-1,-1,-1,-1,-1,-1,-1,-1,-1,-1,-1,-1,-1,-1,-1,-1,-1,-1,-1,-1,-1,-1,-1,-1,-1,-1,-1,-1,-1,-1,121,121,122,120,-1,-1,-1,-1,-1,42,44,44,44,46,45,-1,-1,-1,-1,-1,-1,-1,-1,-1,-1,-1,-1,-1,-1,-1,-1,-1,-1,-1,-1,-1,-1,122,122,122,120,122,122,122,122,120,122
122,122,122,120,122,122,120,122,122,122,-1,-1,-1,-1,-1,-1,-1,-1,-1,-1,-1,-1,-1,-1,-1,-1,-1,-1,-1,-1,-1,-1,-1,-1,-1,-1,-1,-1,-1,-1,-1,-1,-1,-1,122,120,120,-1,-1,-1,-1,-1,-1,42,44,44,44,42,-1,-1,-1,-1,-1,-1,-1,-1,-1,-1,-1,-1,-1,-1,-1,-1,-1,-1,-1,-1,-1,-1,-1,122,122,122,121,122,122,122,122,121,122
122,122,122,121,122,122,121,122,122,122,121,-1,-1,-1,-1,-1,-1,-1,-1,-1,-1,-1,-1,-1,-1,-1,-1,-1,-1,-1,-1,-1,-1,-1,-1,-1,-1,-1,-1,-1,-1,-1,-1,-1,122,-1,-1,-1,-1,-1,-1,-1,-1,42,44,44,44,42,-1,-1,-1,-1,-1,-1,-1,-1,-1,-1,-1,-1,-1,-1,-1,-1,-1,-1,-1,-1,-1,121,121,122,122,122,122,122,122,122,122,122,122
122,122,122,122,122,122,122,122,122,122,122,-1,-1,-1,-1,-1,-1,-1,-1,-1,-1,-1,-1,-1,-1,-1,-1,-1,-1,-1,-1,-1,-1,-1,-1,-1,-1,-1,-1,-1,-1,-1,-1,-1,120,-1,-1,-1,-1,-1,-1,-1,-1,42,44,44,44,42,-1,-1,-1,-1,-1,-1,-1,-1,-1,-1,-1,-1,-1,-1,-1,-1,-1,-1,-1,121,121,122,122,122,122,122,122,120,122,120,120,122,122
122,122,122,122,120,122,122,122,122,122,122,-1,-1,-1,-1,-1,-1,-1,-1,-1,-1,-1,-1,-1,-1,-1,-1,-1,-1,-1,-1,-1,-1,-1,-1,-1,-1,-1,-1,-1,-1,-1,-1,-1,-1,-1,-1,-1,-1,-1,-1,-1,-1,42,44,44,44,42,-1,-1,-1,-1,-1,-1,-1,-1,-1,-1,-1,-1,-1,-1,-1,-1,121,121,121,122,122,122,122,122,122,122,122,121,122,-1,-1,122,122
122,122,122,122,121,122,122,122,122,122,122,-1,-1,-1,-1,-1,-1,-1,-1,-1,-1,-1,-1,-1,-1,-1,-1,-1,-1,-1,-1,-1,-1,-1,-1,-1,-1,-1,-1,-1,-1,-1,-1,-1,-1,-1,-1,-1,-1,-1,-1,-1,-1,42,44,44,44,42,-1,-1,-1,-1,-1,-1,-1,-1,-1,-1,-1,-1,-1,-1,-1,-1,122,122,122,122,122,122,122,122,122,120,122,122,122,-1,-1,122,122
122,122,120,122,122,122,122,122,120,122,122,-1,-1,-1,-1,-1,-1,-1,-1,-1,-1,-1,-1,-1,-1,-1,-1,-1,-1,-1,-1,-1,-1,-1,-1,-1,-1,-1,-1,-1,-1,-1,-1,-1,-1,-1,-1,-1,-1,-1,-1,-1,-1,42,44,44,44,42,-1,-1,-1,-1,-1,-1,-1,-1,-1,-1,-1,-1,-1,-1,-1,121,122,122,122,122,122,122,122,122,122,121,122,122,122,-1,121,122,122
122,122,121,122,122,122,122,122,121,122,122,-1,-1,-1,-1,-1,-1,-1,-1,-1,-1,-1,-1,-1,-1,-1,-1,-1,-1,-1,-1,-1,-1,-1,-1,-1,-1,-1,-1,-1,-1,-1,-1,-1,-1,-1,-1,-1,-1,-1,-1,-1,-1,42,44,44,44,42,-1,-1,-1,-1,-1,-1,-1,-1,-1,-1,-1,-1,-1,-1,121,122,122,122,122,122,122,122,122,122,122,122,122,122,122,-1,122,122,122
122,122,122,122,122,122,122,122,122,122,122,121,-1,-1,-1,-1,-1,-1,-1,-1,-1,-1,-1,-1,-1,-1,-1,-1,-1,-1,-1,-1,-1,-1,-1,-1,-1,-1,-1,-1,-1,-1,-1,121,121,-1,-1,-1,-1,-1,-1,121,-1,42,44,44,44,42,-1,-1,-1,-1,-1,-1,-1,-1,-1,-1,-1,-1,-1,121,122,122,122,122,122,122,122,122,122,122,122,122,122,122,122,121,122,122,122
122,122,122,122,122,122,120,120,122,122,122,122,121,-1,-1,-1,-1,-1,-1,-1,-1,-1,-1,-1,-1,-1,-1,-1,-1,-1,-1,-1,-1,-1,-1,-1,-1,-1,-1,-1,-1,-1,-1,122,120,-1,-1,-1,-1,-1,121,122,-1,42,44,44,44,42,-1,-1,-1,-1,-1,-1,-1,-1,-1,-1,-1,-1,121,122,122,122,122,122,122,122,122,122,122,122,122,122,122,122,122,122,122,122,122
122,122,122,122,122,122,-1,-1,122,122,122,122,122,121,-1,-1,-1,-1,-1,-1,-1,-1,-1,-1,-1,-1,-1,-1,-1,-1,-1,-1,-1,-1,-1,-1,-1,-1,-1,-1,-1,-1,121,122,-1,-1,-1,-1,-1,-1,122,122,-1,42,44,44,44,42,-1,-1,-1,-1,-1,-1,-1,-1,-1,-1,-1,-1,122,122,122,122,122,122,122,122,122,122,122,122,122,122,120,122,122,122,122,122,122
122,122,122,120,122,122,-1,-1,122,122,122,122,122,122,121,-1,-1,-1,-1,-1,-1,-1,-1,-1,-1,-1,-1,-1,-1,-1,-1,-1,-1,-1,-1,-1,-1,-1,-1,-1,-1,-1,122,120,-1,-1,-1,-1,-1,-1,122,122,-1,42,44,44,44,42,-1,-1,-1,-1,-1,-1,-1,-1,-1,-1,-1,121,122,122,122,122,122,122,122,122,122,122,122,122,122,122,121,122,122,122,122,122,122
122,122,122,121,122,122,-1,121,122,122,122,122,122,122,122,121,121,-1,-1,-1,-1,-1,-1,-1,-1,-1,-1,-1,-1,-1,-1,-1,-1,-1,-1,-1,-1,-1,-1,-1,-1,-1,122,-1,-1,-1,-1,-1,-1,-1,122,122,-1,42,44,44,44,42,-1,-1,-1,-1,-1,-1,-1,-1,-1,-1,-1,122,122,122,122,122,122,122,122,122,122,122,122,122,122,122,122,122,122,121,122,121,122
122,122,122,122,122,122,-1,122,122,122,122,122,122,122,122,122,122,121,121,121,-1,-1,-1,-1,-1,-1,-1,-1,-1,-1,-1,-1,-1,-1,-1,-1,-1,-1,-1,-1,-1,-1,122,-1,-1,-1,-1,-1,-1,-1,122,122,-1,42,44,44,44,42,-1,-1,-1,-1,-1,-1,-1,-1,-1,-1,121,122,122,122,122,122,122,122,122,122,122,122,122,122,122,122,122,122,122,122,-1,122,122
122,122,122,122,122,122,121,122,122,122,122,122,122,122,122,122,122,122,122,122,121,-1,-1,-1,-1,-1,-1,-1,-1,-1,-1,-1,-1,-1,-1,-1,-1,-1,-1,-1,-1,121,120,-1,-1,-1,-1,-1,-1,121,122,122,-1,42,44,44,44,42,-1,-1,-1,-1,-1,-1,-1,-1,-1,-1,122,122,122,122,122,122,122,122,122,122,122,122,122,122,120,122,122,122,122,122,121,122,122
122,120,122,122,122,122,122,122,122,122,122,122,122,122,122,122,122,122,122,122,122,-1,-1,-1,-1,121,121,121,-1,-1,-1,-1,-1,-1,-1,-1,-1,-1,-1,-1,-1,122,-1,-1,-1,-1,-1,-1,-1,122,122,122,-1,42,44,44,44,42,-1,-1,-1,-1,-1,-1,-1,-1,-1,121,122,122,122,122,122,122,122,122,122,122,122,122,122,122,-1,122,122,122,122,122,122,122,122
122,-1,122,122,122,122,122,122,122,122,122,122,122,122,120,120,120,120,120,120,120,-1,-1,-1,-1,120,120,122,121,-1,-1,-1,-1,-1,-1,-1,-1,-1,-1,-1,-1,122,121,-1,-1,-1,-1,-1,-1,122,122,122,-1,42,44,44,44,42,-1,-1,-1,-1,-1,121,121,121,121,122,122,122,122,122,122,122,122,122,122,122,122,122,122,122,-1,122,122,122,122,122,122,122,122
122,-1,122,122,122,122,122,122,122,122,120,120,120,120,-1,-1,-1,-1,-1,-1,-1,-1,-1,-1,-1,-1,-1,120,122,-1,-1,-1,-1,-1,-1,-1,-1,-1,-1,-1,-1,120,122,-1,-1,-1,-1,-1,-1,122,122,120,-1,42,44,44,44,42,-1,-1,-1,-1,-1,120,122,122,122,122,122,122,122,122,122,122,122,122,122,122,122,122,122,122,-1,122,122,122,122,122,122,120,122
122,-1,122,122,122,122,122,122,122,122,-1,-1,-1,-1,-1,-1,-1,-1,-1,-1,-1,-1,-1,-1,-1,-1,-1,-1,120,-1,-1,-1,-1,-1,-1,-1,-1,-1,-1,-1,-1,-1,122,121,-1,-1,-1,-1,-1,122,122,-1,-1,42,44,44,44,42,-1,-1,-1,-1,-1,-1,120,120,120,122,122,122,122,122,122,122,122,122,122,122,122,122,122,122,-1,122,122,122,122,122,122,121,122
122,-1,122,122,122,122,122,122,122,122,-1,-1,-1,-1,-1,-1,-1,-1,-1,-1,-1,-1,-1,-1,-1,-1,-1,-1,-1,-1,-1,-1,-1,-1,-1,-1,-1,-1,-1,-1,-1,-1,122,122,121,-1,-1,-1,121,122,120,-1,-1,42,44,44,44,42,-1,-1,-1,-1,-1,-1,-1,-1,-1,122,122,122,122,122,122,122,122,122,122,122,122,122,122,122,-1,120,122,122,122,122,122,122,122
122,-1,120,122,122,122,122,122,120,122,-1,-1,-1,-1,-1,-1,-1,-1,-1,-1,-1,-1,-1,-1,-1,-1,-1,-1,-1,-1,-1,-1,121,121,-1,-1,-1,-1,-1,-1,-1,-1,120,122,122,-1,-1,-1,122,120,-1,-1,-1,42,44,44,44,42,-1,-1,-1,-1,-1,-1,-1,-1,-1,122,122,122,122,122,122,122,122,122,122,122,122,122,122,122,121,-1,122,122,122,122,122,122,122
122,121,-1,122,122,122,122,122,-1,122,-1,-1,-1,-1,-1,-1,-1,-1,-1,-1,-1,-1,-1,-1,-1,-1,-1,-1,-1,-1,-1,-1,120,120,-1,-1,-1,-1,-1,-1,-1,-1,-1,120,122,121,-1,-1,122,-1,-1,-1,-1,42,44,44,44,42,-1,-1,-1,-1,-1,-1,-1,-1,121,122,122,122,122,122,122,122,122,122,122,122,122,122,122,122,122,-1,120,122,122,122,122,122,122
122,122,-1,120,122,122,122,122,-1,122,-1,-1,-1,-1,-1,-1,-1,-1,-1,-1,-1,-1,-1,-1,-1,-1,-1,-1,-1,-1,-1,-1,-1,-1,-1,-1,-1,-1,-1,-1,-1,-1,-1,-1,120,120,-1,-1,122,121,-1,-1,-1,42,44,44,44,42,-1,-1,-1,-1,-1,-1,-1,-1,122,122,122,122,122,122,122,122,122,122,122,122,122,122,122,122,122,121,-1,122,122,122,122,122,122
122,122,121,-1,122,122,122,122,121,122,-1,-1,-1,-1,-1,-1,-1,-1,-1,-1,-1,-1,-1,-1,-1,-1,-1,-1,-1,-1,-1,-1,-1,-1,-1,-1,-1,-1,-1,-1,-1,-1,-1,-1,-1,-1,-1,-1,120,122,121,-1,-1,42,44,44,44,42,-1,-1,-1,-1,-1,-1,-1,121,122,122,122,122,122,122,122,122,122,122,122,122,122,122,122,122,122,122,121,122,122,122,122,122,122
122,122,122,121,122,122,122,122,122,122,-1,-1,-1,-1,-1,-1,-1,-1,-1,-1,-1,-1,-1,-1,-1,-1,-1,-1,-1,-1,-1,-1,-1,-1,-1,-1,-1,-1,-1,-1,-1,-1,-1,-1,-1,-1,-1,-1,-1,122,122,121,-1,42,44,44,44,42,-1,-1,-1,-1,-1,-1,-1,122,122,122,122,122,122,122,122,122,122,122,122,122,122,122,122,122,122,122,122,122,122,120,122,122,122
122,122,122,122,122,122,122,122,122,122,-1,-1,-1,-1,-1,-1,-1,-1,-1,-1,-1,-1,-1,-1,-1,-1,-1,-1,-1,-1,-1,-1,-1,-1,-1,-1,-1,-1,-1,-1,-1,-1,-1,-1,-1,-1,-1,-1,-1,122,122,122,-1,42,44,44,44,42,-1,-1,-1,-1,-1,-1,121,122,122,122,122,122,122,122,122,122,122,122,122,122,122,122,122,122,122,122,122,122,122,121,120,122,122
122,122,122,122,122,122,122,122,122,122,-1,-1,-1,-1,-1,-1,-1,-1,-1,-1,-1,-1,-1,-1,-1,-1,-1,-1,-1,-1,-1,-1,-1,-1,-1,-1,-1,-1,-1,-1,-1,-1,-1,-1,-1,-1,-1,-1,-1,120,120,120,-1,42,44,44,44,42,-1,-1,-1,-1,-1,-1,122,122,122,122,122,122,122,122,122,122,122,122,122,122,122,122,122,122,122,122,122,122,122,122,121,122,122
122,122,122,122,122,122,122,122,122,122,-1,-1,-1,-1,-1,-1,-1,-1,-1,-1,-1,-1,-1,-1,-1,-1,-1,-1,-1,-1,-1,-1,-1,-1,-1,-1,-1,-1,-1,-1,-1,-1,-1,-1,-1,-1,-1,-1,-1,-1,-1,-1,-1,42,44,44,44,42,-1,-1,-1,-1,-1,121,122,122,122,122,122,122,122,122,122,122,122,122,122,122,122,122,122,122,122,122,122,122,122,122,122,122,122
122,122,122,122,122,122,122,122,122,122,-1,-1,-1,-1,-1,-1,-1,-1,-1,-1,-1,-1,-1,-1,-1,-1,-1,-1,-1,-1,-1,-1,-1,-1,-1,-1,-1,-1,-1,-1,-1,-1,-1,-1,-1,-1,-1,-1,-1,-1,-1,-1,-1,42,44,44,44,42,-1,-1,-1,-1,-1,122,122,122,122,122,122,122,122,122,122,122,122,122,122,122,122,122,122,122,122,122,122,122,122,122,122,122,122
122,122,122,122,122,122,122,122,122,122,-1,-1,-1,-1,-1,-1,-1,-1,-1,-1,-1,-1,-1,-1,-1,-1,-1,-1,-1,-1,-1,-1,-1,-1,-1,-1,-1,-1,-1,-1,121,-1,-1,-1,-1,-1,-1,-1,-1,-1,-1,-1,-1,42,44,44,44,42,-1,-1,-1,-1,-1,122,122,122,122,122,122,122,122,122,122,122,122,122,122,122,122,122,122,122,122,122,122,122,122,122,122,122,122
122,122,122,122,122,122,122,122,122,122,-1,-1,-1,-1,-1,-1,-1,-1,-1,-1,-1,-1,-1,-1,-1,-1,-1,-1,-1,-1,-1,-1,-1,-1,-1,-1,-1,-1,-1,-1,122,-1,-1,-1,-1,-1,-1,-1,-1,-1,-1,121,-1,42,44,44,44,42,-1,-1,-1,-1,121,122,122,122,122,122,122,122,122,122,122,122,122,122,122,122,122,122,122,122,122,122,122,122,122,122,122,122,122
122,122,122,122,122,122,122,122,122,122,-1,-1,-1,-1,-1,-1,-1,-1,-1,-1,-1,-1,-1,-1,-1,-1,-1,-1,-1,-1,-1,-1,-1,-1,-1,-1,-1,-1,-1,-1,122,-1,-1,-1,-1,-1,-1,-1,-1,-1,121,122,-1,42,44,44,44,42,-1,-1,-1,121,122,122,122,122,122,122,122,122,122,122,122,122,122,122,122,122,122,122,122,122,122,122,122,122,122,122,122,122,122
122,122,122,122,122,122,122,122,122,122,-1,-1,-1,-1,-1,-1,-1,-1,-1,-1,-1,-1,-1,-1,-1,-1,-1,-1,-1,-1,-1,-1,-1,-1,-1,-1,-1,-1,-1,-1,120,121,-1,-1,-1,-1,-1,-1,-1,-1,122,122,-1,42,44,44,44,42,-1,121,121,122,122,122,122,122,122,122,122,122,122,122,122,122,122,122,122,122,122,122,122,122,122,122,122,122,122,122,122,122,122
122,122,122,122,122,122,122,122,122,122,-1,-1,-1,-1,-1,-1,-1,-1,-1,-1,-1,-1,-1,-1,-1,-1,-1,-1,-1,-1,-1,-1,-1,-1,-1,-1,-1,-1,-1,-1,-1,122,-1,-1,-1,-1,-1,-1,-1,-1,122,122,-1,42,44,44,44,42,-1,122,122,122,122,122,122,122,122,122,122,122,122,122,122,122,122,122,122,122,122,122,122,122,122,122,122,122,122,122,122,120,122
122,122,122,122,122,122,122,122,122,122,-1,-1,-1,-1,-1,-1,-1,-1,-1,-1,-1,-1,-1,-1,-1,-1,-1,-1,-1,-1,-1,-1,-1,-1,-1,-1,-1,-1,-1,-1,-1,122,121,-1,-1,-1,-1,-1,-1,121,122,122,-1,42,44,44,44,42,-1,122,122,122,122,122,122,122,122,122,122,122,122,122,122,122,122,122,122,122,122,122,122,122,122,122,122,122,122,122,122,121,122
122,122,122,122,122,122,120,122,122,122,-1,-1,-1,-1,-1,-1,-1,-1,-1,-1,-1,-1,-1,-1,-1,-1,-1,-1,-1,-1,-1,-1,-1,-1,-1,-1,-1,-1,-1,-1,-1,120,122,-1,-1,-1,-1,-1,-1,122,122,-1,-1,42,44,44,44,42,-1,122,122,122,122,122,122,122,122,122,122,122,122,122,122,122,122,122,122,122,122,122,122,122,122,122,122,122,122,122,122,122,122
122,122,122,122,122,122,-1,120,122,122,-1,-1,-1,-1,-1,-1,-1,-1,-1,-1,-1,-1,-1,-1,-1,-1,-1,-1,-1,-1,-1,-1,-1,-1,-1,-1,-1,-1,-1,-1,-1,-1,122,121,-1,-1,-1,-1,-1,122,120,-1,-1,42,44,44,44,42,-1,122,122,122,122,122,122,122,122,122,122,122,122,122,122,122,122,122,122,122,122,122,122,122,122,122,122,122,122,122,122,122,122
122,122,122,122,122,122,-1,121,122,122,-1,-1,-1,-1,-1,-1,-1,-1,-1,-1,-1,-1,-1,-1,-1,-1,-1,-1,-1,-1,-1,-1,-1,-1,-1,-1,-1,-1,-1,-1,-1,-1,120,122,-1,-1,-1,-1,121,120,-1,-1,-1,42,44,44,44,42,-1,122,122,122,122,122,122,122,122,122,122,122,122,122,122,122,122,122,122,122,122,122,122,122,120,122,122,122,122,122,122,122,122
122,120,122,122,122,122,121,122,122,122,-1,-1,-1,-1,-1,-1,-1,-1,-1,-1,-1,-1,-1,-1,-1,-1,-1,-1,-1,-1,-1,-1,-1,-1,-1,-1,-1,-1,-1,-1,-1,-1,-1,120,-1,-1,-1,-1,120,-1,-1,-1,-1,42,44,44,44,42,-1,122,122,122,122,122,122,122,122,122,122,122,122,122,122,122,122,122,122,122,122,122,122,122,121,122,122,122,122,120,122,122,122
122,121,122,122,122,122,122,122,122,122,121,121,121,121,121,121,121,121,121,121,121,121,121,121,121,121,121,121,121,121,121,121,121,121,121,121,121,121,121,121,121,121,121,121,121,121,121,121,121,121,121,121,-1,42,44,44,44,42,-1,122,122,122,122,122,122,122,122,122,122,122,122,122,122,122,122,122,122,122,122,122,122,122,122,122,122,122,122,121,122,122,122
122,122,122,122,122,122,122,122,122,122,122,122,122,122,122,122,122,122,120,120,120,120,120,120,120,120,122,122,122,122,122,122,122,122,122,122,122,120,122,122,122,122,122,122,122,122,122,122,122,120,122,122,-1,42,44,44,44,42,-1,122,122,122,122,122,120,122,122,122,122,122,122,122,120,122,122,122,122,122,122,122,122,122,122,122,122,122,122,122,122,122,122
122,122,122,122,122,122,122,122,122,122,122,122,122,122,122,122,122,122,121,121,121,121,121,121,121,121,120,120,120,122,122,122,122,122,122,122,122,121,122,122,122,122,122,122,120,120,122,122,122,-1,122,122,-1,42,44,44,44,42,-1,122,122,122,122,122,121,122,122,122,120,122,122,122,121,122,122,122,122,122,122,120,120,122,122,122,122,122,122,122,122,122,122
122,122,122,122,122,122,122,122,122,122,122,122,122,122,122,122,122,122,122,122,122,122,122,122,122,122,-1,-1,-1,122,122,122,122,122,122,122,122,122,122,122,122,122,122,122,121,121,122,122,122,121,122,122,-1,42,44,44,44,42,-1,122,122,122,122,122,122,122,122,122,121,122,122,122,122,122,122,122,122,122,122,121,121,122,122,122,122,122,122,121,122,122,121
122,122,122,122,122,122,122,122,122,122,122,122,122,122,122,122,122,122,122,122,122,122,122,122,122,122,121,121,121,122,122,122,122,122,122,122,122,122,122,122,122,122,122,122,121,121,122,122,122,121,122,122,-1,42,44,44,44,42,-1,122,122,122,122,122,122,122,122,122,122,122,122,122,122,122,122,122,122,122,122,122,122,122,121,122,122,122,122,122,122,122,122
120,120,120,120,120,120,120,120,120,120,120,120,120,120,120,120,120,120,120,120,120,120,120,120,120,120,120,120,120,120,120,120,120,120,120,120,120,120,120,120,120,120,120,120,120,120,120,120,120,120,120,120,-1,42,44,44,44,42,-1,120,120,120,120,120,120,120,120,120,120,120,120,120,120,120,120,120,120,120,120,120,120,120,120,120,120,120,120,120,120,120,120
